{
  "nbr_correct_answers": 0.019292218862129337,
  "q_len": 0.00047263553504738563,
  "qa_len": 8.75964502030091e-05,
  "a_avg_len": -7.700781693771586e-05,
  "first_a": 0.09226587570385111,
  "first_après": -3.86843335142828e-16,
  "first_au": 0.3211537174495368,
  "first_chacune": 2.0122792321330962e-16,
  "first_chez": 0.0958797445071365,
  "first_citer": -0.10268573589909796,
  "first_cocher": 0.19408974993321032,
  "first_cochez": -0.16101466626173594,
  "first_comment": 2.5326962749261384e-16,
  "first_concernant": 0.1426212180112195,
  "first_dans": -0.01143979338599227,
  "first_des": 1.942890293094024e-16,
  "first_donner": 0.03339314326034888,
  "first_donner,": -0.09524109126559838,
  "first_en": -0.23824910371019398,
  "first_indiquer": 0.0173948548833565,
  "first_indiquer,": 0.17507878752684397,
  "first_l'action": -0.16495858936227945,
  "first_l'activité": -0.04594979385445078,
  "first_l'administration": 0.16237428252011893,
  "first_l'ampérométrie": -2.7755575615628914e-16,
  "first_l'azote": -0.014004993150552147,
  "first_l'exsanguino": 0.10216345795307887,
  "first_l'infestation": 0.047136322558559846,
  "first_l'infiltration": 0.3425225811476226,
  "first_l'intoxication": -0.48814832333678554,
  "first_la": -0.04712432930208742,
  "first_laquelle": 0.05699622317541374,
  "first_le": -0.16999411742382795,
  "first_lequel": 0.2090690393158073,
  "first_les": -0.07049289169288546,
  "first_lors": -0.12933968467217877,
  "first_monsieur": -0.23646677671584007,
  "first_parmi": 0.016647123655606,
  "first_pour": -0.2543308833548626,
  "first_pseudomonas": 0.1310712688653523,
  "first_quel": -0.0697861754710241,
  "first_quel(s)": 0.09614706481725177,
  "first_quelle": 0.0812456879668347,
  "first_quelle(s)": 0.10296943343382935,
  "first_quelles": 0.028000189368616424,
  "first_quels": -0.14234447031285116,
  "first_soient": 0.3269020049650721,
  "first_tous": 0.3147221995753528,
  "first_toutes": -0.19067753410764626,
  "first_un": -0.4638444744475255,
  "first_une": 0.006249457133394655,
  "last_:": 0.022310361666861685,
  "last_other": 0.003662380673086425,
  "last_?": -0.02597274233994803,
  "answer_a": -0.02184714795322379,
  "answer_b": 0.03146768009202442,
  "answer_c": 0.010076530396776764,
  "answer_d": -0.013034008196409472,
  "answer_e": 0.012629164522960645,
  "year_1992": 0.09904456146493339,
  "year_1993": -0.1593051722594968,
  "year_1994": 0.009003769556356091,
  "year_1995": 0.06505391116823395,
  "year_1996": 0.19657301885332856,
  "year_1997": 0.09808921722457042,
  "year_1998": -0.017766661150356182,
  "year_1999": -0.09169067114832953,
  "year_2001": 0.04575398746495449,
  "year_2002-nord": -0.02542751694589107,
  "year_2002-sud": -0.07518249739569427,
  "year_2003-nord": -0.039123376137433795,
  "year_2003-sud": 0.008238307143934864,
  "year_2004-nord": -0.034350267627633185,
  "year_2004-sud": -0.01027066949411024,
  "year_2005-nord": -0.0026341696868209877,
  "year_2005-sud": 0.0012292707824090865,
  "year_2006-nord": -0.002467353194675337,
  "year_2006-sud": -0.011568781388067328,
  "year_2007-nord": -0.045309177409682724,
  "year_2007-sud": -0.007889729820530177,
  "year_2017": 7.632783294297951e-17,
  "topic_<undefined>": -0.01961030626475271,
  "topic_bactériologie": -0.035133346036285845,
  "topic_biochimieclinique": 0.0019327402878586697,
  "topic_biophysique": -0.022675477887562273,
  "topic_chimieanalytique": 0.1402219057071146,
  "topic_enzymologie": 0.06983456219315434,
  "topic_galénique": 0.14935012785679896,
  "topic_génétique": 0.10030910005859418,
  "topic_hématologie": -0.026359570150953707,
  "topic_immunologie": 0.14048902306384073,
  "topic_mycologie": 0.03429327185455008,
  "topic_parasitologie": -0.15323273431960516,
  "topic_pharmacocinétique": -0.0464784348101647,
  "topic_pharmacologie": 0.05555894778572129,
  "topic_physiologie": 0.11500785368015207,
  "topic_santépub": -0.08444040546628874,
  "topic_statistiques": -0.044783233588225176,
  "topic_toxicologie": 0.0213517249350082,
  "topic_virologie": -0.020362028800389308,
  "topic_épidémiologie": 0.056644101753984266,
  "tag_negation_no": 0.03218388213410081,
  "tag_negation_yes": -0.03218388213410049,
  "tag_composition_no": 0.009448373448218986,
  "tag_composition_yes": -0.009448373448218764,
  "tag_mode_affirmation": -0.1482914855354075,
  "tag_mode_instruction": 0.07774010571090306,
  "tag_mode_question": 0.07055137982450396,
  "tag_positive_negative": 0.03825580710818918,
  "tag_positive_positive": -0.03825580710818882,
  "tag_answer_multiple": 0.09492492704993813,
  "tag_answer_single": -0.19437262252222454,
  "tag_answer_undefined": 0.09944769547228705
}