{
  "nbr_correct_answers": 0.024587071282397645,
  "q_len": 0.0002759300515639507,
  "qa_len": 7.81493170477245e-05,
  "a_avg_len": -3.9556146560266404e-05,
  "first_a": 0.026122175562011848,
  "first_après": -0.04651669176598228,
  "first_au": 0.2083351445033082,
  "first_chacune": -0.03899335981804065,
  "first_chez": 0.0,
  "first_citer": -0.05153126523128642,
  "first_cocher": 0.08423276738135052,
  "first_cochez": 0.0,
  "first_comment": -0.016161204293852927,
  "first_concernant": 0.122675923201397,
  "first_dans": 0.04202678037072484,
  "first_des": 0.07764809022019845,
  "first_donner": -0.023952463199957925,
  "first_donner,": -0.09511481481566401,
  "first_en": -0.09760696249887227,
  "first_indiquer": -0.008810055706914068,
  "first_indiquer,": 0.08457379681732109,
  "first_l'action": -0.12263563190504685,
  "first_l'activité": -0.16336202177227224,
  "first_l'administration": 0.13386841491201615,
  "first_l'ampérométrie": -0.061119579194559334,
  "first_l'azote": 0.0,
  "first_l'exsanguino": 0.08752155339382528,
  "first_l'infestation": -0.061789200518804356,
  "first_l'infiltration": 0.11716839887508133,
  "first_l'intoxication": -0.1967169421537812,
  "first_la": 0.01080531924902254,
  "first_laquelle": 0.0,
  "first_le": -0.019664613944631863,
  "first_lequel": 0.000740347712899031,
  "first_les": -0.06485647080724793,
  "first_lors": -0.1091767957089878,
  "first_monsieur": 0.0,
  "first_parmi": 0.007082562093654695,
  "first_pour": -0.10144330712492763,
  "first_pseudomonas": 0.03168803614855611,
  "first_quel": 0.03988521109932176,
  "first_quel(s)": 0.20903420664406483,
  "first_quelle": 0.04832725224799473,
  "first_quelle(s)": 0.015700507412160572,
  "first_quelles": -0.0011428894795667349,
  "first_quels": -0.06597401384900711,
  "first_soient": 0.1602428159413573,
  "first_tous": 0.0,
  "first_toutes": -0.05352290359667928,
  "first_un": -0.09988159907751862,
  "first_une": -0.007706517322676114,
  "last_:": 0.006514618236756811,
  "last_other": 0.02359548631292336,
  "last_?": -0.03011010454967443,
  "answer_a": -0.027133361107697124,
  "answer_b": 0.028176639080988646,
  "answer_c": 0.005948192878342566,
  "answer_d": 0.009586380512903938,
  "answer_e": 0.008009219917821617,
  "year_1992": 0.04937522974409531,
  "year_1993": 0.0,
  "year_1994": 0.016362873091049744,
  "year_1995": -0.04069826833075491,
  "year_1996": 0.1600343576679905,
  "year_1997": 0.09139993725089153,
  "year_1998": 0.002705176537452669,
  "year_1999": -0.02893159460681853,
  "year_2001": -0.16866260518022577,
  "year_2002-nord": -0.02116226813091819,
  "year_2002-sud": 0.034405787972972446,
  "year_2003-nord": -0.04702407324253901,
  "year_2003-sud": -0.013729484920330241,
  "year_2004-nord": -0.010265463952109411,
  "year_2004-sud": 0.031208498740258037,
  "year_2005-nord": 0.003233792774793451,
  "year_2005-sud": 0.01654699187029551,
  "year_2006-nord": 0.006470287049000705,
  "year_2006-sud": -0.023429562931908794,
  "year_2007-nord": -0.0321881567561863,
  "year_2007-sud": -0.02565145464700755,
  "year_2017": 0.0,
  "topic_<undefined>": -0.004166871767058319,
  "topic_bactériologie": -0.030956428111127695,
  "topic_biochimieclinique": 0.02038234148745441,
  "topic_biophysique": -0.06653397971905127,
  "topic_chimieanalytique": 0.165198610111262,
  "topic_enzymologie": 0.044967022356678876,
  "topic_galénique": 0.1091107985358523,
  "topic_génétique": 0.07197108174153113,
  "topic_hématologie": 0.02033891539203997,
  "topic_immunologie": 0.1804287646530048,
  "topic_mycologie": -0.0812118674181217,
  "topic_parasitologie": -0.09327812152586247,
  "topic_pharmacocinétique": -0.028469993683455593,
  "topic_pharmacologie": 0.07973483594882137,
  "topic_physiologie": 0.12961408449908124,
  "topic_santépub": -0.05205347487326325,
  "topic_statistiques": -0.0761321896885819,
  "topic_toxicologie": -0.04842457076777054,
  "topic_virologie": 0.003372992136244781,
  "topic_épidémiologie": -0.02253360792149396,
  "tag_negation_no": 0.03843514551795634,
  "tag_negation_yes": -0.038435145517956765,
  "tag_composition_no": 0.0012500212045739722,
  "tag_composition_yes": -0.001250021204571362,
  "tag_mode_affirmation": -0.07854011721641188,
  "tag_mode_instruction": 0.054348167776425836,
  "tag_mode_question": 0.024191949439979068,
  "tag_positive_negative": 0.024383909556871843,
  "tag_positive_positive": -0.024383909556869927,
  "tag_single_multiple": 0.08502433497290285,
  "tag_single_single": -0.17035532908011047,
  "tag_single_undefined": 0.08533099410721363
}