{
  "nbr_correct_answers": 0.03566235331111602,
  "answer_a": -0.029665447285788373,
  "answer_b": 0.027885482761467743,
  "answer_c": 0.031421726110136404,
  "answer_d": -0.014464743832903155,
  "answer_e": 0.020485335558218735,
  "year_1994": -0.007420216755694108,
  "year_1995": 0.029300809917704188,
  "year_1996": 0.13839760904487605,
  "year_1997": 0.14857555829139774,
  "year_1998": -0.0071985489647701465,
  "year_1999": -0.020825530212853154,
  "year_2001": -0.06739661119998373,
  "year_2002-nord": -0.04926209230942995,
  "year_2002-sud": -0.017588774760258778,
  "year_2003-nord": -0.03609548409975765,
  "year_2003-sud": 0.01969262820046922,
  "year_2004-nord": -0.0035499198778359505,
  "year_2004-sud": 0.018878739968717452,
  "year_2005-nord": -0.015083746260590133,
  "year_2005-sud": -0.001136270824525291,
  "year_2006-nord": 0.03652619693390846,
  "year_2006-sud": -0.02817057195171276,
  "year_2007-nord": 0.024363288470153392,
  "year_2007-sud": -0.02632673428910201,
  "topic_bactériologie": -0.06878522488607115,
  "topic_biochimieclinique": 0.014972478402075853,
  "topic_biophysique": -0.10722091174547978,
  "topic_chimieanalytique": 0.16728903270988357,
  "topic_galénique": 0.19281583779167735,
  "topic_génétique": 0.06677011782952974,
  "topic_hématologie": 0.012821280200520754,
  "topic_immunologie": 0.14893334111242618,
  "topic_mycologie": -0.040446431129274485,
  "topic_parasitologie": -0.1432906968973092,
  "topic_pharmacocinétique": -0.10539538961562528,
  "topic_pharmacologie": 0.05744206642183296,
  "topic_physiologie": 0.11090315078402146,
  "topic_santépub": -0.08795485831440428,
  "topic_statistiques": -0.026393947638327094,
  "topic_toxicologie": -0.03965023942465398,
  "topic_virologie": -0.02889454734528157,
  "topic_épidémiologie": 0.012404933762374174,
  "tag_negation_no": 0.04774957306411972,
  "tag_negation_yes": -0.04774957306411622,
  "tag_composition_no": -0.008754214874965792,
  "tag_composition_yes": 0.008754214874962933,
  "tag_mode_affirmation": -0.11265681271427097,
  "tag_mode_instruction": 0.05947387983962597,
  "tag_mode_question": 0.05318293287464007,
  "tag_positive_negative": 0.03136461498283703,
  "tag_positive_positive": -0.031364614982836894,
  "tag_answer_multiple": 0.050450032149930386,
  "tag_answer_single": -0.15813721780807108,
  "tag_answer_undefined": 0.10768718565815644
}