{
  "nbr_correct_answers": 0.04941008035019035,
  "answer_a": 0.011984923869156497,
  "answer_b": 0.012760718119881196,
  "answer_c": 0.009183948368128515,
  "answer_d": 0.00234026492826729,
  "answer_e": 0.01314022506475687,
  "year_1994": -0.0022877792418024867,
  "year_1995": -0.0008072044472369687,
  "year_1996": 0.0013815420479513696,
  "year_1997": -0.0004809796832734352,
  "year_1998": -0.0007879036155645913,
  "year_1999": -0.0035551356327706077,
  "year_2001": -0.00351667518935499,
  "year_2002-nord": -0.0008296257562804277,
  "year_2002-sud": -0.0011614500313393281,
  "year_2003-nord": -0.00047791136762274884,
  "year_2003-sud": 0.003353347683146693,
  "year_2004-nord": 0.0023956158928443174,
  "year_2004-sud": 0.004189686230490416,
  "year_2005-nord": -0.0023609345323588322,
  "year_2005-sud": 3.24304265662763e-05,
  "year_2006-nord": 0.0043941646849635875,
  "year_2006-sud": -0.0006117806198971523,
  "year_2007-nord": 0.00022811766586283857,
  "year_2007-sud": 0.0008790768629984417,
  "topic_bactériologie": -0.009059693491220702,
  "topic_biochimieclinique": 0.0006687018887785378,
  "topic_biophysique": 0.0004522096650815518,
  "topic_chimieanalytique": 0.010457497313769699,
  "topic_galénique": 0.00444808983361088,
  "topic_génétique": 0.001201049429351638,
  "topic_hématologie": 0.002450562227169199,
  "topic_immunologie": 0.008740348907559934,
  "topic_mycologie": -0.0013938342706746518,
  "topic_parasitologie": -0.005719664522819964,
  "topic_pharmacocinétique": -0.002289572022032213,
  "topic_pharmacologie": 0.003882008112598243,
  "topic_physiologie": 0.00895046736536933,
  "topic_santépub": -0.005098841645556028,
  "topic_statistiques": -0.0014515861774474566,
  "topic_toxicologie": -0.006978464440182775,
  "topic_virologie": -0.0015340268481870607,
  "topic_épidémiologie": -0.003488336523282274,
  "tag_negation_no": 0.005557095482352419,
  "tag_negation_yes": -0.005557095482352419,
  "tag_composition_no": -0.013430109570974333,
  "tag_composition_yes": 0.01343010957097433,
  "tag_mode_affirmation": 0.00012950070528814877,
  "tag_mode_instruction": 0.005892798397713677,
  "tag_mode_question": -0.006022299103001829,
  "tag_positive_negative": -0.007131276617649583,
  "tag_positive_positive": 0.007131276617649584,
  "tag_answer_multiple": 0.0017361694885823296,
  "tag_answer_single": -0.03777955097977636,
  "tag_answer_undefined": 0.03604338149119404
}